[
  {
    "type": "completion",
    "id": "cert_p1",
    "title": "Course Completion",
    "body": [
      "This screen unlocks when Modules 1 to 7 are complete.",
      "Your overall score is calculated from all module quizzes or a final assessment if present.",
      "Select Generate Certificate to create a personalised PDF."
    ],
    "requires": {
      "modules": [
        "final",
        "m1",
        "m2",
        "m3",
        "m4",
        "m5",
        "m6",
        "m7"
      ],
      "minOverallPercent": 80
    },
    "actions": {
      "ctaLabel": "Generate Certificate",
      "generateCertificate": {
        "template": "media/certificate_template.pdf",
        "fields": [
          "learner_name",
          "course_title",
          "overall_score_percent",
          "date_completed",
          "certificate_id"
        ],
        "storeRecord": {
          "table": "course_completions",
          "fields": {
            "learner_name": "$learner_name",
            "email": "$learner_email",
            "course_id": "uk_l2_food_hygiene",
            "score_percent": "$overall_score_percent",
            "completed_at": "$date_completed",
            "certificate_id": "$certificate_id"
          }
        }
      }
    }
  },
  {
    "type": "summary",
    "id": "cert_p2",
    "title": "What happens next",
    "body": [
      "Your certificate is saved to your profile and can be downloaded anytime.",
      "Admins can verify certificates using the certificate ID."
    ]
  }
]