{
  "v": "5.7.4",
  "fr": 30,
  "ip": 0,
  "op": 120,
  "w": 1200,
  "h": 600,
  "nm": "m7_haccp_flow",
  "ddd": 0,
  "assets": [],
  "layers": [
    {
      "ddd": 0,
      "ind": 1,
      "ty": 4,
      "nm": "nodes",
      "sr": 1,
      "ks": {
        "o": {
          "a": 0,
          "k": 100
        },
        "r": {
          "a": 0,
          "k": 0
        },
        "p": {
          "a": 0,
          "k": [
            0,
            0,
            0
          ]
        },
        "a": {
          "a": 0,
          "k": [
            0,
            0,
            0
          ]
        },
        "s": {
          "a": 0,
          "k": [
            100,
            100,
            100
          ]
        }
      },
      "shapes": [],
      "ip": 0,
      "op": 120,
      "st": 0,
      "bm": 0
    },
    {
      "ddd": 0,
      "ind": 2,
      "ty": 4,
      "nm": "token",
      "sr": 1,
      "ks": {
        "o": {
          "a": 0,
          "k": 100
        },
        "r": {
          "a": 0,
          "k": 0
        },
        "p": {
          "a": 1,
          "k": [
            {
              "t": 0,
              "s": [
                120,
                320,
                0
              ]
            },
            {
              "t": 15,
              "s": [
                260,
                220,
                0
              ]
            },
            {
              "t": 30,
              "s": [
                420,
                180,
                0
              ]
            },
            {
              "t": 45,
              "s": [
                580,
                220,
                0
              ]
            },
            {
              "t": 60,
              "s": [
                740,
                300,
                0
              ]
            },
            {
              "t": 75,
              "s": [
                900,
                380,
                0
              ]
            },
            {
              "t": 90,
              "s": [
                1060,
                320,
                0
              ]
            }
          ]
        },
        "a": {
          "a": 0,
          "k": [
            0,
            0,
            0
          ]
        },
        "s": {
          "a": 0,
          "k": [
            100,
            100,
            100
          ]
        }
      },
      "shapes": [
        {
          "ty": "el",
          "p": {
            "a": 0,
            "k": [
              0,
              0
            ]
          },
          "s": {
            "a": 0,
            "k": [
              30,
              30
            ]
          },
          "nm": "circle"
        },
        {
          "ty": "fl",
          "c": {
            "a": 0,
            "k": [
              0.23529411764705882,
              0.6274509803921569,
              0.9411764705882353,
              1
            ]
          },
          "o": {
            "a": 0,
            "k": 100
          },
          "r": 1
        }
      ],
      "ip": 0,
      "op": 120,
      "st": 0,
      "bm": 0
    }
  ]
}