{
  "course_id": "uk-l2-food-hygiene",
  "title": "Level 2 Food Hygiene and Safety",
  "jurisdiction": "United Kingdom",
  "version": "1.0.0",
  "version_date": "2025-11-07",
  "level": 2,
  "duration_hours": 4,
  "delivery_modes": [
    "self-study",
    "classroom",
    "blended"
  ],
  "target_audience": [
    "Food handlers in catering",
    "Food retail staff",
    "Food manufacturing operatives",
    "Care and education settings that handle open food"
  ],
  "prerequisites": [
    "Basic literacy",
    "Able to follow workplace instructions"
  ],
  "learning_outcomes": [
    "Explain legal duties and personal responsibilities for hygiene",
    "Identify food hazards and controls",
    "Apply personal hygiene and handwashing requirements",
    "Prevent contamination and cross contamination including allergens",
    "Control temperature for storage, preparation, cooking, cooling, reheating, hot holding",
    "Use effective cleaning and disinfection methods and schedules",
    "Recognise pest risks and control methods",
    "Follow a food safety management system based on HACCP principles",
    "Complete records to evidence compliance"
  ],
  "assessment": {
    "pass_mark_percent": 75,
    "question_count_primary": 30,
    "question_bank_ref": "data/question_bank.json"
  },
  "modules": [
    "m1",
    "m2",
    "m3",
    "m4",
    "m5",
    "m6",
    "m7",
    "m8"
  ]
}