[
  {
    "id": "m1",
    "title": "Introduction and Legal Duties",
    "objectives": [
      "Define food hygiene and food safety",
      "Outline key UK regulations and enforcement roles",
      "Describe personal responsibilities of food handlers"
    ]
  },
  {
    "id": "m2",
    "title": "Food Hazards",
    "objectives": [
      "Distinguish biological, chemical, and physical hazards",
      "Describe how hazards enter food",
      "Identify high risk foods and vulnerable consumers"
    ]
  },
  {
    "id": "m3",
    "title": "Contamination and Allergen Control",
    "objectives": [
      "Explain cross contamination and routes of transfer",
      "Apply segregation and color coding",
      "Describe legal allergen list and control measures"
    ]
  },
  {
    "id": "m4",
    "title": "Personal Hygiene",
    "objectives": [
      "Apply effective handwashing",
      "Follow illness reporting rules",
      "Use protective clothing correctly"
    ]
  },
  {
    "id": "m5",
    "title": "Temperature Control and Safe Storage",
    "objectives": [
      "Use safe temperatures for storage and service",
      "Cook and reheat to safe core temperatures",
      "Label and rotate stock correctly"
    ]
  },
  {
    "id": "m6",
    "title": "Cleaning, Disinfection, Waste, and Pests",
    "objectives": [
      "Differentiate cleaning and disinfection",
      "Build and follow cleaning schedules",
      "Recognise pest activity and act quickly"
    ]
  },
  {
    "id": "m7",
    "title": "Premises, Equipment, and Maintenance",
    "objectives": [
      "Identify hygienic design needs for premises and kit",
      "Care for probes and thermometers",
      "Report damage and maintain equipment"
    ]
  },
  {
    "id": "m8",
    "title": "Food Safety Management, Records, and Inspections",
    "objectives": [
      "Describe HACCP style systems and controls",
      "Complete monitoring records",
      "Prepare for inspections and audits"
    ]
  }
]