[
  {
    "id": "L2-5.1",
    "statement": "Know the 14 regulated allergens and common examples."
  },
  {
    "id": "L2-5.2",
    "statement": "Identify allergens on labels and menus."
  },
  {
    "id": "L2-5.3",
    "statement": "Understand allergen cross-contact and how to prevent it."
  },
  {
    "id": "L2-5.4",
    "statement": "Communicate allergen information accurately and escalate when unsure."
  },
  {
    "id": "L2-5.5",
    "statement": "Apply safe serving, storage and labelling practices."
  }
]