{
  "id": "m2_p2",
  "type": "interaction",
  "interaction": {
    "type": "drag_drop",
    "pairs": [
      [
        "Listeria",
        "Biological"
      ],
      [
        "Sanitiser residue",
        "Chemical"
      ],
      [
        "Glass shard",
        "Physical"
      ]
    ]
  },
  "title": "Sort the hazards",
  "text": "Drag each example into the correct hazard bin.",
  "media": "media/hazard_bins.svg",
  "feedback": {
    "correct": "Correct.",
    "incorrect": "Check again."
  },
  "duration_sec": 120
}