{"v": "5.7.4", "fr": 30, "ip": 0, "op": 210, "w": 1200, "h": 800, "nm": "danger_zone_dial_v2", "ddd": 0, "assets": [], "layers": [{"ddd": 0, "ind": 1, "ty": 4, "nm": "bg", "sr": 1, "ks": {"o": {"a": 0, "k": 100}, "r": {"a": 0, "k": 0}, "p": {"a": 0, "k": [600, 400, 0]}, "a": {"a": 0, "k": [0, 0, 0]}, "s": {"a": 0, "k": [100, 100, 100]}}, "shapes": [{"ty": "rc", "p": {"a": 0, "k": [0, 0]}, "s": {"a": 0, "k": [1000, 500]}, "r": {"a": 0, "k": 40}}, {"ty": "fl", "c": {"a": 0, "k": [0.07, 0.08, 0.1, 1]}, "o": {"a": 0, "k": 100}}]}, {"ddd": 0, "ind": 2, "ty": 4, "nm": "arc", "sr": 1, "ks": {"o": {"a": 0, "k": 100}, "r": {"a": 0, "k": 0}, "p": {"a": 0, "k": [600, 430, 0]}, "a": {"a": 0, "k": [0, 0, 0]}, "s": {"a": 0, "k": [100, 100, 100]}}, "shapes": [{"ty": "sh", "ks": {"a": 0, "k": {"i": [], "o": [], "v": [[-360, 120], [-300, 180], [300, 180], [360, 120]], "c": false}}}, {"ty": "st", "o": {"a": 0, "k": 100}, "w": {"a": 0, "k": 20}, "c": {"a": 0, "k": [0.25, 0.27, 0.32, 1]}}]}, {"ddd": 0, "ind": 3, "ty": 4, "nm": "cold_seg", "sr": 1, "ks": {"o": {"a": 0, "k": 100}, "r": {"a": 0, "k": 0}, "p": {"a": 0, "k": [280, 430, 0]}, "a": {"a": 0, "k": [0, 0, 0]}, "s": {"a": 0, "k": [100, 100, 100]}}, "shapes": [{"ty": "rc", "p": {"a": 0, "k": [0, 0]}, "s": {"a": 0, "k": [180, 20]}, "r": {"a": 0, "k": 10}}, {"ty": "fl", "c": {"a": 0, "k": [0.22, 0.63, 1, 1]}, "o": {"a": 0, "k": 100}}]}, {"ddd": 0, "ind": 4, "ty": 4, "nm": "hot_seg", "sr": 1, "ks": {"o": {"a": 0, "k": 100}, "r": {"a": 0, "k": 0}, "p": {"a": 0, "k": [920, 430, 0]}, "a": {"a": 0, "k": [0, 0, 0]}, "s": {"a": 0, "k": [100, 100, 100]}}, "shapes": [{"ty": "rc", "p": {"a": 0, "k": [0, 0]}, "s": {"a": 0, "k": [180, 20]}, "r": {"a": 0, "k": 10}}, {"ty": "fl", "c": {"a": 0, "k": [0.94, 0.28, 0.47, 1]}, "o": {"a": 0, "k": 100}}]}, {"ddd": 0, "ind": 10, "ty": 4, "nm": "tick_0", "sr": 1, "ks": {"o": {"a": 0, "k": 100}, "r": {"a": 0, "k": -135}, "p": {"a": 0, "k": [600, 430, 0]}, "a": {"a": 0, "k": [0, 0, 0]}, "s": {"a": 0, "k": [100, 100, 100]}}, "shapes": [{"ty": "rc", "p": {"a": 0, "k": [0, -180]}, "s": {"a": 0, "k": [4, 20]}, "r": {"a": 0, "k": 2}}, {"ty": "fl", "c": {"a": 0, "k": [0.8, 0.85, 0.9, 1]}, "o": {"a": 0, "k": 100}}]}, {"ddd": 0, "ind": 11, "ty": 4, "nm": "tick_1", "sr": 1, "ks": {"o": {"a": 0, "k": 100}, "r": {"a": 0, "k": -120}, "p": {"a": 0, "k": [600, 430, 0]}, "a": {"a": 0, "k": [0, 0, 0]}, "s": {"a": 0, "k": [100, 100, 100]}}, "shapes": [{"ty": "rc", "p": {"a": 0, "k": [0, -180]}, "s": {"a": 0, "k": [4, 20]}, "r": {"a": 0, "k": 2}}, {"ty": "fl", "c": {"a": 0, "k": [0.8, 0.85, 0.9, 1]}, "o": {"a": 0, "k": 100}}]}, {"ddd": 0, "ind": 12, "ty": 4, "nm": "tick_2", "sr": 1, "ks": {"o": {"a": 0, "k": 100}, "r": {"a": 0, "k": -105}, "p": {"a": 0, "k": [600, 430, 0]}, "a": {"a": 0, "k": [0, 0, 0]}, "s": {"a": 0, "k": [100, 100, 100]}}, "shapes": [{"ty": "rc", "p": {"a": 0, "k": [0, -180]}, "s": {"a": 0, "k": [4, 20]}, "r": {"a": 0, "k": 2}}, {"ty": "fl", "c": {"a": 0, "k": [0.8, 0.85, 0.9, 1]}, "o": {"a": 0, "k": 100}}]}, {"ddd": 0, "ind": 13, "ty": 4, "nm": "tick_3", "sr": 1, "ks": {"o": {"a": 0, "k": 100}, "r": {"a": 0, "k": -90}, "p": {"a": 0, "k": [600, 430, 0]}, "a": {"a": 0, "k": [0, 0, 0]}, "s": {"a": 0, "k": [100, 100, 100]}}, "shapes": [{"ty": "rc", "p": {"a": 0, "k": [0, -180]}, "s": {"a": 0, "k": [4, 20]}, "r": {"a": 0, "k": 2}}, {"ty": "fl", "c": {"a": 0, "k": [0.8, 0.85, 0.9, 1]}, "o": {"a": 0, "k": 100}}]}, {"ddd": 0, "ind": 14, "ty": 4, "nm": "tick_4", "sr": 1, "ks": {"o": {"a": 0, "k": 100}, "r": {"a": 0, "k": -75}, "p": {"a": 0, "k": [600, 430, 0]}, "a": {"a": 0, "k": [0, 0, 0]}, "s": {"a": 0, "k": [100, 100, 100]}}, "shapes": [{"ty": "rc", "p": {"a": 0, "k": [0, -180]}, "s": {"a": 0, "k": [4, 20]}, "r": {"a": 0, "k": 2}}, {"ty": "fl", "c": {"a": 0, "k": [0.8, 0.85, 0.9, 1]}, "o": {"a": 0, "k": 100}}]}, {"ddd": 0, "ind": 15, "ty": 4, "nm": "tick_5", "sr": 1, "ks": {"o": {"a": 0, "k": 100}, "r": {"a": 0, "k": -60}, "p": {"a": 0, "k": [600, 430, 0]}, "a": {"a": 0, "k": [0, 0, 0]}, "s": {"a": 0, "k": [100, 100, 100]}}, "shapes": [{"ty": "rc", "p": {"a": 0, "k": [0, -180]}, "s": {"a": 0, "k": [4, 20]}, "r": {"a": 0, "k": 2}}, {"ty": "fl", "c": {"a": 0, "k": [0.8, 0.85, 0.9, 1]}, "o": {"a": 0, "k": 100}}]}, {"ddd": 0, "ind": 16, "ty": 4, "nm": "tick_6", "sr": 1, "ks": {"o": {"a": 0, "k": 100}, "r": {"a": 0, "k": -45}, "p": {"a": 0, "k": [600, 430, 0]}, "a": {"a": 0, "k": [0, 0, 0]}, "s": {"a": 0, "k": [100, 100, 100]}}, "shapes": [{"ty": "rc", "p": {"a": 0, "k": [0, -180]}, "s": {"a": 0, "k": [4, 20]}, "r": {"a": 0, "k": 2}}, {"ty": "fl", "c": {"a": 0, "k": [0.8, 0.85, 0.9, 1]}, "o": {"a": 0, "k": 100}}]}, {"ddd": 0, "ind": 17, "ty": 4, "nm": "tick_7", "sr": 1, "ks": {"o": {"a": 0, "k": 100}, "r": {"a": 0, "k": -30}, "p": {"a": 0, "k": [600, 430, 0]}, "a": {"a": 0, "k": [0, 0, 0]}, "s": {"a": 0, "k": [100, 100, 100]}}, "shapes": [{"ty": "rc", "p": {"a": 0, "k": [0, -180]}, "s": {"a": 0, "k": [4, 20]}, "r": {"a": 0, "k": 2}}, {"ty": "fl", "c": {"a": 0, "k": [0.8, 0.85, 0.9, 1]}, "o": {"a": 0, "k": 100}}]}, {"ddd": 0, "ind": 18, "ty": 4, "nm": "tick_8", "sr": 1, "ks": {"o": {"a": 0, "k": 100}, "r": {"a": 0, "k": -15}, "p": {"a": 0, "k": [600, 430, 0]}, "a": {"a": 0, "k": [0, 0, 0]}, "s": {"a": 0, "k": [100, 100, 100]}}, "shapes": [{"ty": "rc", "p": {"a": 0, "k": [0, -180]}, "s": {"a": 0, "k": [4, 20]}, "r": {"a": 0, "k": 2}}, {"ty": "fl", "c": {"a": 0, "k": [0.8, 0.85, 0.9, 1]}, "o": {"a": 0, "k": 100}}]}, {"ddd": 0, "ind": 19, "ty": 4, "nm": "tick_9", "sr": 1, "ks": {"o": {"a": 0, "k": 100}, "r": {"a": 0, "k": 0}, "p": {"a": 0, "k": [600, 430, 0]}, "a": {"a": 0, "k": [0, 0, 0]}, "s": {"a": 0, "k": [100, 100, 100]}}, "shapes": [{"ty": "rc", "p": {"a": 0, "k": [0, -180]}, "s": {"a": 0, "k": [4, 20]}, "r": {"a": 0, "k": 2}}, {"ty": "fl", "c": {"a": 0, "k": [0.8, 0.85, 0.9, 1]}, "o": {"a": 0, "k": 100}}]}, {"ddd": 0, "ind": 20, "ty": 4, "nm": "tick_10", "sr": 1, "ks": {"o": {"a": 0, "k": 100}, "r": {"a": 0, "k": 15}, "p": {"a": 0, "k": [600, 430, 0]}, "a": {"a": 0, "k": [0, 0, 0]}, "s": {"a": 0, "k": [100, 100, 100]}}, "shapes": [{"ty": "rc", "p": {"a": 0, "k": [0, -180]}, "s": {"a": 0, "k": [4, 20]}, "r": {"a": 0, "k": 2}}, {"ty": "fl", "c": {"a": 0, "k": [0.8, 0.85, 0.9, 1]}, "o": {"a": 0, "k": 100}}]}, {"ddd": 0, "ind": 21, "ty": 4, "nm": "tick_11", "sr": 1, "ks": {"o": {"a": 0, "k": 100}, "r": {"a": 0, "k": 30}, "p": {"a": 0, "k": [600, 430, 0]}, "a": {"a": 0, "k": [0, 0, 0]}, "s": {"a": 0, "k": [100, 100, 100]}}, "shapes": [{"ty": "rc", "p": {"a": 0, "k": [0, -180]}, "s": {"a": 0, "k": [4, 20]}, "r": {"a": 0, "k": 2}}, {"ty": "fl", "c": {"a": 0, "k": [0.8, 0.85, 0.9, 1]}, "o": {"a": 0, "k": 100}}]}, {"ddd": 0, "ind": 22, "ty": 4, "nm": "tick_12", "sr": 1, "ks": {"o": {"a": 0, "k": 100}, "r": {"a": 0, "k": 45}, "p": {"a": 0, "k": [600, 430, 0]}, "a": {"a": 0, "k": [0, 0, 0]}, "s": {"a": 0, "k": [100, 100, 100]}}, "shapes": [{"ty": "rc", "p": {"a": 0, "k": [0, -180]}, "s": {"a": 0, "k": [4, 20]}, "r": {"a": 0, "k": 2}}, {"ty": "fl", "c": {"a": 0, "k": [0.8, 0.85, 0.9, 1]}, "o": {"a": 0, "k": 100}}]}, {"ddd": 0, "ind": 23, "ty": 4, "nm": "tick_13", "sr": 1, "ks": {"o": {"a": 0, "k": 100}, "r": {"a": 0, "k": 60}, "p": {"a": 0, "k": [600, 430, 0]}, "a": {"a": 0, "k": [0, 0, 0]}, "s": {"a": 0, "k": [100, 100, 100]}}, "shapes": [{"ty": "rc", "p": {"a": 0, "k": [0, -180]}, "s": {"a": 0, "k": [4, 20]}, "r": {"a": 0, "k": 2}}, {"ty": "fl", "c": {"a": 0, "k": [0.8, 0.85, 0.9, 1]}, "o": {"a": 0, "k": 100}}]}, {"ddd": 0, "ind": 24, "ty": 4, "nm": "tick_14", "sr": 1, "ks": {"o": {"a": 0, "k": 100}, "r": {"a": 0, "k": 75}, "p": {"a": 0, "k": [600, 430, 0]}, "a": {"a": 0, "k": [0, 0, 0]}, "s": {"a": 0, "k": [100, 100, 100]}}, "shapes": [{"ty": "rc", "p": {"a": 0, "k": [0, -180]}, "s": {"a": 0, "k": [4, 20]}, "r": {"a": 0, "k": 2}}, {"ty": "fl", "c": {"a": 0, "k": [0.8, 0.85, 0.9, 1]}, "o": {"a": 0, "k": 100}}]}, {"ddd": 0, "ind": 25, "ty": 4, "nm": "tick_15", "sr": 1, "ks": {"o": {"a": 0, "k": 100}, "r": {"a": 0, "k": 90}, "p": {"a": 0, "k": [600, 430, 0]}, "a": {"a": 0, "k": [0, 0, 0]}, "s": {"a": 0, "k": [100, 100, 100]}}, "shapes": [{"ty": "rc", "p": {"a": 0, "k": [0, -180]}, "s": {"a": 0, "k": [4, 20]}, "r": {"a": 0, "k": 2}}, {"ty": "fl", "c": {"a": 0, "k": [0.8, 0.85, 0.9, 1]}, "o": {"a": 0, "k": 100}}]}, {"ddd": 0, "ind": 26, "ty": 4, "nm": "tick_16", "sr": 1, "ks": {"o": {"a": 0, "k": 100}, "r": {"a": 0, "k": 105}, "p": {"a": 0, "k": [600, 430, 0]}, "a": {"a": 0, "k": [0, 0, 0]}, "s": {"a": 0, "k": [100, 100, 100]}}, "shapes": [{"ty": "rc", "p": {"a": 0, "k": [0, -180]}, "s": {"a": 0, "k": [4, 20]}, "r": {"a": 0, "k": 2}}, {"ty": "fl", "c": {"a": 0, "k": [0.8, 0.85, 0.9, 1]}, "o": {"a": 0, "k": 100}}]}, {"ddd": 0, "ind": 27, "ty": 4, "nm": "tick_17", "sr": 1, "ks": {"o": {"a": 0, "k": 100}, "r": {"a": 0, "k": 120}, "p": {"a": 0, "k": [600, 430, 0]}, "a": {"a": 0, "k": [0, 0, 0]}, "s": {"a": 0, "k": [100, 100, 100]}}, "shapes": [{"ty": "rc", "p": {"a": 0, "k": [0, -180]}, "s": {"a": 0, "k": [4, 20]}, "r": {"a": 0, "k": 2}}, {"ty": "fl", "c": {"a": 0, "k": [0.8, 0.85, 0.9, 1]}, "o": {"a": 0, "k": 100}}]}, {"ddd": 0, "ind": 28, "ty": 4, "nm": "tick_18", "sr": 1, "ks": {"o": {"a": 0, "k": 100}, "r": {"a": 0, "k": 135}, "p": {"a": 0, "k": [600, 430, 0]}, "a": {"a": 0, "k": [0, 0, 0]}, "s": {"a": 0, "k": [100, 100, 100]}}, "shapes": [{"ty": "rc", "p": {"a": 0, "k": [0, -180]}, "s": {"a": 0, "k": [4, 20]}, "r": {"a": 0, "k": 2}}, {"ty": "fl", "c": {"a": 0, "k": [0.8, 0.85, 0.9, 1]}, "o": {"a": 0, "k": 100}}]}, {"ddd": 0, "ind": 40, "ty": 4, "nm": "needle", "sr": 1, "ks": {"o": {"a": 0, "k": 100}, "r": {"a": 1, "k": [{"t": 0, "s": [-90]}, {"t": 70, "s": [-20]}, {"t": 140, "s": [50]}, {"t": 210, "s": [-90]}]}, "p": {"a": 0, "k": [600, 430, 0]}, "a": {"a": 0, "k": [0, 0, 0]}, "s": {"a": 0, "k": [100, 100, 100]}}, "shapes": [{"ty": "rc", "p": {"a": 0, "k": [0, -160]}, "s": {"a": 0, "k": [8, 320]}, "r": {"a": 0, "k": 4}}, {"ty": "fl", "c": {"a": 0, "k": [1, 1, 1, 1]}, "o": {"a": 0, "k": 100}}]}, {"ddd": 0, "ind": 60, "ty": 5, "nm": "caption", "sr": 1, "ks": {"o": {"a": 1, "k": [{"t": 0, "s": [60]}, {"t": 30, "s": [100]}, {"t": 60, "s": [60]}]}, "r": {"a": 0, "k": 0}, "p": {"a": 0, "k": [600, 560, 0]}, "a": {"a": 0, "k": [0, 0, 0]}, "s": {"a": 0, "k": [100, 100, 100]}}, "t": {"d": {"k": [{"s": {"s": 40, "f": "Arial", "t": "Keep ≤5°C or ≥63°C", "j": 1, "tr": 0, "lh": 44, "ls": 0}, "t": 0}]}}}]}