{"v": "5.7.4", "fr": 30, "ip": 0, "op": 210, "w": 1200, "h": 800, "nm": "storage_hierarchy_v2", "ddd": 0, "assets": [], "layers": [{"ddd": 0, "ind": 1, "ty": 4, "nm": "fridge", "sr": 1, "ks": {"o": {"a": 0, "k": 100}, "r": {"a": 0, "k": 0}, "p": {"a": 0, "k": [600, 400, 0]}, "a": {"a": 0, "k": [0, 0, 0]}, "s": {"a": 0, "k": [100, 100, 100]}}, "shapes": [{"ty": "rc", "p": {"a": 0, "k": [0, 0]}, "s": {"a": 0, "k": [820, 560]}, "r": {"a": 0, "k": 24}}, {"ty": "st", "o": {"a": 0, "k": 100}, "w": {"a": 0, "k": 10}, "c": {"a": 0, "k": [0.85, 0.9, 0.95, 1]}}, {"ty": "fl", "c": {"a": 0, "k": [0.08, 0.09, 0.12, 1]}, "o": {"a": 0, "k": 100}}]}, {"ddd": 0, "ind": 10, "ty": 4, "nm": "tray_0", "sr": 1, "ks": {"o": {"a": 0, "k": 100}, "r": {"a": 0, "k": 0}, "p": {"a": 1, "k": [{"t": 10, "s": [-200, 220, 0]}, {"t": 40, "s": [600, 220, 0]}]}, "a": {"a": 0, "k": [0, 0, 0]}, "s": {"a": 0, "k": [100, 100, 100]}}, "shapes": [{"ty": "rc", "p": {"a": 0, "k": [0, 0]}, "s": {"a": 0, "k": [660, 70]}, "r": {"a": 0, "k": 14}}, {"ty": "fl", "c": {"a": 0, "k": [0.82, 0.9, 1, 1]}, "o": {"a": 0, "k": 100}}]}, {"ddd": 0, "ind": 11, "ty": 4, "nm": "tray_1", "sr": 1, "ks": {"o": {"a": 0, "k": 100}, "r": {"a": 0, "k": 0}, "p": {"a": 1, "k": [{"t": 30, "s": [-200, 320, 0]}, {"t": 60, "s": [600, 320, 0]}]}, "a": {"a": 0, "k": [0, 0, 0]}, "s": {"a": 0, "k": [100, 100, 100]}}, "shapes": [{"ty": "rc", "p": {"a": 0, "k": [0, 0]}, "s": {"a": 0, "k": [660, 70]}, "r": {"a": 0, "k": 14}}, {"ty": "fl", "c": {"a": 0, "k": [0.8, 1, 0.9, 1]}, "o": {"a": 0, "k": 100}}]}, {"ddd": 0, "ind": 12, "ty": 4, "nm": "tray_2", "sr": 1, "ks": {"o": {"a": 0, "k": 100}, "r": {"a": 0, "k": 0}, "p": {"a": 1, "k": [{"t": 50, "s": [-200, 420, 0]}, {"t": 80, "s": [600, 420, 0]}]}, "a": {"a": 0, "k": [0, 0, 0]}, "s": {"a": 0, "k": [100, 100, 100]}}, "shapes": [{"ty": "rc", "p": {"a": 0, "k": [0, 0]}, "s": {"a": 0, "k": [660, 70]}, "r": {"a": 0, "k": 14}}, {"ty": "fl", "c": {"a": 0, "k": [1, 0.95, 0.8, 1]}, "o": {"a": 0, "k": 100}}]}, {"ddd": 0, "ind": 13, "ty": 4, "nm": "tray_3", "sr": 1, "ks": {"o": {"a": 0, "k": 100}, "r": {"a": 0, "k": 0}, "p": {"a": 1, "k": [{"t": 70, "s": [-200, 520, 0]}, {"t": 100, "s": [600, 520, 0]}]}, "a": {"a": 0, "k": [0, 0, 0]}, "s": {"a": 0, "k": [100, 100, 100]}}, "shapes": [{"ty": "rc", "p": {"a": 0, "k": [0, 0]}, "s": {"a": 0, "k": [660, 70]}, "r": {"a": 0, "k": 14}}, {"ty": "fl", "c": {"a": 0, "k": [1, 0.85, 0.85, 1]}, "o": {"a": 0, "k": 100}}]}, {"ddd": 0, "ind": 50, "ty": 5, "nm": "label_0", "sr": 1, "ks": {"o": {"a": 0, "k": 100}, "r": {"a": 0, "k": 0}, "p": {"a": 0, "k": [600, 220, 0]}, "a": {"a": 0, "k": [0, 0, 0]}, "s": {"a": 0, "k": [100, 100, 100]}}, "t": {"d": {"k": [{"s": {"s": 28, "f": "Arial", "t": "Ready-to-eat", "j": 1, "tr": 0, "lh": 32, "ls": 0}, "t": 0}]}}}, {"ddd": 0, "ind": 51, "ty": 5, "nm": "label_1", "sr": 1, "ks": {"o": {"a": 0, "k": 100}, "r": {"a": 0, "k": 0}, "p": {"a": 0, "k": [600, 320, 0]}, "a": {"a": 0, "k": [0, 0, 0]}, "s": {"a": 0, "k": [100, 100, 100]}}, "t": {"d": {"k": [{"s": {"s": 28, "f": "Arial", "t": "Cooked meats", "j": 1, "tr": 0, "lh": 32, "ls": 0}, "t": 0}]}}}, {"ddd": 0, "ind": 52, "ty": 5, "nm": "label_2", "sr": 1, "ks": {"o": {"a": 0, "k": 100}, "r": {"a": 0, "k": 0}, "p": {"a": 0, "k": [600, 420, 0]}, "a": {"a": 0, "k": [0, 0, 0]}, "s": {"a": 0, "k": [100, 100, 100]}}, "t": {"d": {"k": [{"s": {"s": 28, "f": "Arial", "t": "Dairy", "j": 1, "tr": 0, "lh": 32, "ls": 0}, "t": 0}]}}}, {"ddd": 0, "ind": 53, "ty": 5, "nm": "label_3", "sr": 1, "ks": {"o": {"a": 0, "k": 100}, "r": {"a": 0, "k": 0}, "p": {"a": 0, "k": [600, 520, 0]}, "a": {"a": 0, "k": [0, 0, 0]}, "s": {"a": 0, "k": [100, 100, 100]}}, "t": {"d": {"k": [{"s": {"s": 28, "f": "Arial", "t": "Raw meat at bottom", "j": 1, "tr": 0, "lh": 32, "ls": 0}, "t": 0}]}}}, {"ddd": 0, "ind": 90, "ty": 4, "nm": "drip", "sr": 1, "ks": {"o": {"a": 1, "k": [{"t": 80, "s": [0]}, {"t": 100, "s": [100]}, {"t": 160, "s": [0]}]}, "r": {"a": 0, "k": 0}, "p": {"a": 1, "k": [{"t": 100, "s": [860, 240, 0]}, {"t": 160, "s": [860, 520, 0]}]}, "a": {"a": 0, "k": [0, 0, 0]}, "s": {"a": 0, "k": [100, 100, 100]}}, "shapes": [{"ty": "el", "p": {"a": 0, "k": [0, 0]}, "s": {"a": 0, "k": [18, 28]}}, {"ty": "fl", "c": {"a": 0, "k": [0.94, 0.28, 0.47, 1]}, "o": {"a": 0, "k": 100}}]}]}