[
  {
    "id": "img001",
    "title": "Six step handwashing",
    "description": "Illustration of the six step handwashing technique used in UK settings",
    "style": "vector flat",
    "aspect_ratio": "4:3",
    "keywords": [
      "handwashing",
      "hygiene",
      "poster"
    ]
  },
  {
    "id": "img002",
    "title": "Color coded chopping boards",
    "description": "Graphic showing typical color coding for raw meat, cooked meat, fish, salad, fruit, bakery",
    "style": "vector flat",
    "aspect_ratio": "16:9",
    "keywords": [
      "boards",
      "cross contamination"
    ]
  },
  {
    "id": "img003",
    "title": "Danger zone chart",
    "description": "Temperature band showing rapid bacterial growth between 5 C and 60 C with safe zones",
    "style": "vector data chart",
    "aspect_ratio": "16:9",
    "keywords": [
      "temperature",
      "chart"
    ]
  },
  {
    "id": "img004",
    "title": "Probe use",
    "description": "How to insert a probe into the thickest part of food and clean and disinfect before and after use",
    "style": "isometric",
    "aspect_ratio": "16:9",
    "keywords": [
      "probe",
      "cooking"
    ]
  },
  {
    "id": "img005",
    "title": "Allergen icons",
    "description": "Set of icons for common allergens such as peanuts, tree nuts, milk, eggs, gluten, sesame, soy, fish, shellfish, mustard, celery, lupin, sulphites",
    "style": "icon set",
    "aspect_ratio": "1:1",
    "keywords": [
      "allergens",
      "icons"
    ]
  },
  {
    "id": "img006",
    "title": "Correct storage order",
    "description": "Fridge cutaway showing raw meat at the bottom, ready to eat at the top, covered and labelled",
    "style": "cutaway",
    "aspect_ratio": "16:9",
    "keywords": [
      "storage",
      "fridge"
    ]
  },
  {
    "id": "img007",
    "title": "Cleaning schedule example",
    "description": "A5 checklist layout for cleaning with columns for what, when, who, how, verification",
    "style": "document template",
    "aspect_ratio": "A5",
    "keywords": [
      "cleaning",
      "schedule"
    ]
  },
  {
    "id": "img008",
    "title": "Pest signs",
    "description": "Illustration of droppings, gnaw marks, smear marks near pipe runs and stock damage",
    "style": "vector flat",
    "aspect_ratio": "4:3",
    "keywords": [
      "pests",
      "signs"
    ]
  },
  {
    "id": "img009",
    "title": "FIFO stock rotation",
    "description": "Diagram showing first in first out with date labels",
    "style": "vector flat",
    "aspect_ratio": "4:3",
    "keywords": [
      "stock",
      "labels"
    ]
  },
  {
    "id": "img010",
    "title": "Cooling safely",
    "description": "Process infographic for cooling hot food using shallow trays, blast chillers, time limits",
    "style": "infographic",
    "aspect_ratio": "16:9",
    "keywords": [
      "cooling",
      "infographic"
    ]
  }
]