[
  {
    "type": "content",
    "id": "m6_p1",
    "title": "Why cleaning matters",
    "body": [
      "Cleaning removes dirt and food debris. Disinfection reduces harmful microbes to a safe level.",
      "You must keep food areas clean to prevent contamination and pest activity.",
      "Use products as directed by the label and your COSHH assessment."
    ],
    "media": []
  },
  {
    "type": "content",
    "id": "m6_p2",
    "title": "Key terms",
    "body": [
      "Detergent: removes grease and dirt.",
      "Disinfectant: reduces microbes to a safe level.",
      "Sanitiser: combined detergent and disinfectant (2-stage unless label says single stage).",
      "Contact time: time a disinfectant must remain wet on the surface to work."
    ],
    "media": []
  },
  {
    "type": "lottie",
    "id": "m6_p3",
    "title": "2-stage clean in action",
    "lottie_src": "media/lotties/m6_cleaning_cycle.json",
    "caption": "Stage 1: clean with detergent, rinse. Stage 2: apply disinfectant, leave for full contact time, then final rinse if the label requires it."
  },
  {
    "type": "content",
    "id": "m6_p4",
    "title": "When to clean and disinfect",
    "body": [
      "Before starting work and after you finish.",
      "Between handling raw and ready-to-eat foods.",
      "After spills or when equipment is visibly dirty.",
      "On a planned schedule for high-touch points and equipment."
    ],
    "media": []
  },
  {
    "type": "hotspot",
    "id": "m6_p5",
    "title": "Prep bench hotspot map",
    "image_src": "media/images/hotspot_prep_area.png",
    "instructions": "Tap the pins to see how to clean and disinfect each item.",
    "hotspots": [
      {
        "id": "board",
        "x": 0.22,
        "y": 0.62,
        "w": 0.18,
        "h": 0.12,
        "title": "Chopping board",
        "body": [
          "Use 2-stage method between raw and ready-to-eat tasks.",
          "Run through dishwasher if suitable or use approved sanitiser."
        ]
      },
      {
        "id": "handle",
        "x": 0.78,
        "y": 0.38,
        "w": 0.12,
        "h": 0.1,
        "title": "Fridge handle",
        "body": [
          "High-touch point. Clean and disinfect regularly.",
          "Leave disinfectant wet for full contact time."
        ]
      },
      {
        "id": "sink",
        "x": 0.08,
        "y": 0.5,
        "w": 0.16,
        "h": 0.18,
        "title": "Sink area",
        "body": [
          "Clean traps and strainers. Do not block drains.",
          "Disinfect tap handles and splash zones after raw prep."
        ]
      },
      {
        "id": "waste",
        "x": 0.58,
        "y": 0.74,
        "w": 0.16,
        "h": 0.14,
        "title": "Waste bin",
        "body": [
          "Use liners. Keep closed. Empty before full.",
          "Clean and disinfect inside and out daily."
        ]
      }
    ]
  },
  {
    "type": "content",
    "id": "m6_p6",
    "title": "Chemicals and safety (COSHH)",
    "body": [
      "Store chemicals away from food in a locked or supervised area.",
      "Keep Safety Data Sheets and follow PPE guidance.",
      "Never mix chemicals. Label spray bottles and date them.",
      "Measure dilutions with the correct tool. Training is required."
    ],
    "media": []
  },
  {
    "type": "content",
    "id": "m6_p7",
    "title": "Waste management",
    "body": [
      "Segregate food, recycling, oil, glass, and general waste.",
      "Use tight lids. Keep areas clean to deter pests.",
      "Stock rotation and correct chilling reduce food waste.",
      "Keep removal logs and contractor records."
    ],
    "media": []
  },
  {
    "type": "summary",
    "id": "m6_p8",
    "title": "Summary",
    "body": [
      "Use the right product for the job and respect contact times.",
      "Switch from raw to ready-to-eat with a 2-stage clean.",
      "Control waste to reduce risk and pests.",
      "Record cleaning and waste checks."
    ]
  }
]