{
  "id": "quiz_m6",
  "title": "Module 6 Quiz",
  "shuffleQuestions": true,
  "passMark": 80,
  "questions": [
    {
      "id": "q1",
      "type": "mcq",
      "question": "What is the purpose of a disinfectant?",
      "options": [
        "To remove visible dirt and grease only",
        "To reduce harmful microbes to a safe level",
        "To make surfaces smell fresh",
        "To rinse off detergent"
      ],
      "correctIndex": 1,
      "feedback": {
        "correct": "Correct. Disinfectants reduce microbes to a safe level.",
        "incorrect": "A disinfectant reduces microbes. Cleaning removes dirt."
      }
    },
    {
      "id": "q2",
      "type": "mcq",
      "question": "Which sequence describes a 2-stage clean?",
      "options": [
        "Apply disinfectant then dry with cloth",
        "Rinse with water then disinfectant then dry",
        "Detergent clean and rinse, then disinfect and leave for full contact time",
        "Spray air freshener then wipe"
      ],
      "correctIndex": 2,
      "feedback": {
        "correct": "Correct. Clean with detergent and rinse, then disinfect for full contact time.",
        "incorrect": "2-stage is clean and rinse, then disinfect. Contact time matters."
      }
    },
    {
      "id": "q3",
      "type": "mcq",
      "question": "What does contact time mean?",
      "options": [
        "How long staff spend cleaning per day",
        "How long the surface stays wet with disinfectant",
        "The time before food can touch the surface again",
        "The age of the chemical since opening"
      ],
      "correctIndex": 1,
      "feedback": {
        "correct": "Correct. It is the time the disinfectant must stay wet to work.",
        "incorrect": "Contact time is how long the surface must stay wet with disinfectant."
      }
    },
    {
      "id": "q4",
      "type": "mcq",
      "question": "Where should chemicals be stored?",
      "options": [
        "On the top shelf above food prep",
        "In any cupboard if bottles are closed",
        "In a designated area away from food with controls in place",
        "Next to ingredients for speed"
      ],
      "correctIndex": 2,
      "feedback": {
        "correct": "Correct. Keep chemicals separate with proper controls.",
        "incorrect": "Chemicals must be stored away from food in a controlled area."
      }
    },
    {
      "id": "q5",
      "type": "mcq",
      "question": "Which is good waste practice?",
      "options": [
        "Leave lids open to reduce smells",
        "Empty only when overflowing",
        "Use liners and close lids, clean and disinfect bins daily",
        "Store waste next to ready-to-eat food"
      ],
      "correctIndex": 2,
      "feedback": {
        "correct": "Correct. Keep bins closed, lined, and cleaned.",
        "incorrect": "Bins should be lined, closed, and cleaned to deter pests."
      }
    }
  ]
}