{
  "id": "m6",
  "title": "Cleaning, Disinfection and Waste Management",
  "order": 6,
  "version": "2.0.0",
  "slug": "cleaning-disinfection-waste",
  "summary": "How to clean, disinfect, and handle waste safely to meet UK Level 2 Food Hygiene standards.",
  "assets": {
    "hotspot_image": "media/images/hotspot_prep_area.png",
    "lottie_cleaning_cycle": "media/lotties/m6_cleaning_cycle.json"
  },
  "quiz_file": "quiz_m6.json",
  "outcomes_file": "outcomes_m6.json",
  "pages_file": "pages.json"
}