{
  "module": "m6",
  "learningObjectives": [
    "Explain the difference between cleaning and disinfection.",
    "Apply 2-stage cleaning correctly with contact time.",
    "Handle and store chemicals safely under COSHH basics.",
    "Manage waste to prevent contamination and pests."
  ],
  "passScorePercent": 80,
  "mapping": {
    "q1": "Explain the difference between cleaning and disinfection.",
    "q2": "Apply 2-stage cleaning correctly with contact time.",
    "q3": "Apply 2-stage cleaning correctly with contact time.",
    "q4": "Handle and store chemicals safely under COSHH basics.",
    "q5": "Manage waste to prevent contamination and pests."
  }
}