{
  "module": "final",
  "learningObjectives": [
    "Demonstrate applied understanding of contamination and controls.",
    "Apply safe temperature control and separation of raw and ready-to-eat foods.",
    "Show correct personal hygiene and PPE use.",
    "Identify allergens and communicate accurately with customers.",
    "Apply 2-stage cleaning and safe waste management.",
    "Understand legal duties, HACCP, due diligence, and traceability."
  ],
  "passScorePercent": 80,
  "mapping": {
    "q1": "Demonstrate applied understanding of contamination and controls.",
    "q2": "Demonstrate applied understanding of contamination and controls.",
    "q3": "Apply safe temperature control and separation of raw and ready-to-eat foods.",
    "q4": "Apply safe temperature control and separation of raw and ready-to-eat foods.",
    "q5": "Apply safe temperature control and separation of raw and ready-to-eat foods.",
    "q6": "Apply safe temperature control and separation of raw and ready-to-eat foods.",
    "q7": "Show correct personal hygiene and PPE use.",
    "q8": "Show correct personal hygiene and PPE use.",
    "q9": "Identify allergens and communicate accurately with customers.",
    "q10": "Identify allergens and communicate accurately with customers.",
    "q11": "Apply 2-stage cleaning and safe waste management.",
    "q12": "Apply 2-stage cleaning and safe waste management.",
    "q13": "Understand legal duties, HACCP, due diligence, and traceability.",
    "q14": "Understand legal duties, HACCP, due diligence, and traceability.",
    "q15": "Understand legal duties, HACCP, due diligence, and traceability."
  }
}