[
  {
    "type": "content",
    "id": "final_intro",
    "title": "Final assessment",
    "body": [
      "You have 15 questions from all modules.",
      "Pass mark is 80 percent.",
      "Your best score will be recorded."
    ]
  },
  {
    "type": "quiz",
    "id": "final_quiz",
    "title": "Begin the exam",
    "quiz_src": "quiz_final.json"
  },
  {
    "type": "summary",
    "id": "final_outro",
    "title": "Results",
    "body": [
      "Your result is saved to your profile.",
      "You must pass this assessment to unlock the certificate."
    ]
  }
]