{
  "id": "quiz_final",
  "title": "Final Assessment",
  "shuffleQuestions": true,
  "passMark": 80,
  "questions": [
    {
      "id": "q1",
      "type": "mcq",
      "question": "What is a common route for contamination in a kitchen?",
      "options": [
        "Sunlight exposure",
        "Unwashed hands",
        "High shelf storage",
        "Blue chopping boards"
      ],
      "correctIndex": 1,
      "feedback": {
        "correct": "Correct. Poor hand hygiene spreads germs.",
        "incorrect": "Hand hygiene is critical to prevent contamination."
      }
    },
    {
      "id": "q2",
      "type": "mcq",
      "question": "Which is a physical contaminant?",
      "options": [
        "Salmonella",
        "Bleach",
        "Hair",
        "Allergen proteins"
      ],
      "correctIndex": 2,
      "feedback": {
        "correct": "Correct. Hair is a physical contaminant.",
        "incorrect": "Physical contaminants include hair, glass, metal."
      }
    },
    {
      "id": "q3",
      "type": "mcq",
      "question": "The UK temperature danger zone is typically between:",
      "options": [
        "0 C and 5 C",
        "5 C and 63 C",
        "63 C and 100 C",
        "Minus 18 C and 0 C"
      ],
      "correctIndex": 1,
      "feedback": {
        "correct": "Correct. 5 C to 63 C is the main danger zone.",
        "incorrect": "It is 5 C to 63 C. Keep hot food at or above 63 C."
      }
    },
    {
      "id": "q4",
      "type": "mcq",
      "question": "Hot holding should be at or above:",
      "options": [
        "55 C",
        "60 C",
        "63 C",
        "70 C"
      ],
      "correctIndex": 2,
      "feedback": {
        "correct": "Correct. 63 C or above.",
        "incorrect": "Hot holding is 63 C or above."
      }
    },
    {
      "id": "q5",
      "type": "mcq",
      "question": "Which practice best prevents cross-contamination?",
      "options": [
        "Use one cloth for all tasks",
        "Store raw meat below ready-to-eat food",
        "Dry wipe boards only",
        "Keep chemical sprays near food"
      ],
      "correctIndex": 1,
      "feedback": {
        "correct": "Correct. Raw should be stored below ready-to-eat.",
        "incorrect": "Store raw foods below ready-to-eat foods."
      }
    },
    {
      "id": "q6",
      "type": "mcq",
      "question": "Which board is commonly used for raw meat in UK color coding?",
      "options": [
        "Green",
        "Blue",
        "Red",
        "Yellow"
      ],
      "correctIndex": 2,
      "feedback": {
        "correct": "Correct. Red is commonly used for raw meat.",
        "incorrect": "Red is the common color for raw meat boards."
      }
    },
    {
      "id": "q7",
      "type": "mcq",
      "question": "When must food handlers wash hands?",
      "options": [
        "Every hour only",
        "After using the toilet and after handling raw food",
        "Only at the start of shift",
        "After serving coffee"
      ],
      "correctIndex": 1,
      "feedback": {
        "correct": "Correct. Wash after toilet use and after handling raw foods.",
        "incorrect": "Handwashing is required at key moments like after toilet and raw food."
      }
    },
    {
      "id": "q8",
      "type": "mcq",
      "question": "Which item is suitable PPE in a kitchen?",
      "options": [
        "Loose bracelets",
        "Open-toe sandals",
        "Hair net or hat",
        "Long scarves"
      ],
      "correctIndex": 2,
      "feedback": {
        "correct": "Correct. Hair nets or hats help prevent contamination.",
        "incorrect": "Hair nets or hats are appropriate PPE."
      }
    },
    {
      "id": "q9",
      "type": "mcq",
      "question": "How many major allergens must be declared in the UK?",
      "options": [
        "8",
        "12",
        "14",
        "16"
      ],
      "correctIndex": 2,
      "feedback": {
        "correct": "Correct. There are 14 declarable allergens.",
        "incorrect": "The correct number is 14."
      }
    },
    {
      "id": "q10",
      "type": "mcq",
      "question": "A customer asks about allergens. What should you do?",
      "options": [
        "Guess based on memory",
        "Check the up-to-date allergen matrix and labels",
        "Say all dishes may contain all allergens",
        "Refuse service"
      ],
      "correctIndex": 1,
      "feedback": {
        "correct": "Correct. Check the allergen matrix and labels.",
        "incorrect": "Always check the allergen matrix and labels."
      }
    },
    {
      "id": "q11",
      "type": "mcq",
      "question": "What is the second stage in a 2-stage clean?",
      "options": [
        "Detergent clean and rinse",
        "Apply disinfectant and leave for full contact time",
        "Dry with reusable cloth",
        "Air dry only"
      ],
      "correctIndex": 1,
      "feedback": {
        "correct": "Correct. Disinfect and leave for the full contact time.",
        "incorrect": "Stage 2 is disinfect and respect contact time."
      }
    },
    {
      "id": "q12",
      "type": "mcq",
      "question": "Which is good bin practice?",
      "options": [
        "Leave lids open to vent",
        "Use liners and close lids",
        "Store bins next to ready-to-eat food",
        "Empty only at end of day"
      ],
      "correctIndex": 1,
      "feedback": {
        "correct": "Correct. Liners and closed lids deter pests.",
        "incorrect": "Bins should be lined and kept closed."
      }
    },
    {
      "id": "q13",
      "type": "mcq",
      "question": "HACCP stands for:",
      "options": [
        "Hazard Analysis and Critical Control Points",
        "Health and Catering Cleaning Protocol",
        "Hazard Awareness and Cooking Plan",
        "Handling and Cooking Control Points"
      ],
      "correctIndex": 0,
      "feedback": {
        "correct": "Correct. Hazard Analysis and Critical Control Points.",
        "incorrect": "Hazard Analysis and Critical Control Points is the correct expansion."
      }
    },
    {
      "id": "q14",
      "type": "mcq",
      "question": "Due diligence means:",
      "options": [
        "Waiting for EHO advice",
        "Taking reasonable precautions and keeping records",
        "Only training managers",
        "Keeping receipts only"
      ],
      "correctIndex": 1,
      "feedback": {
        "correct": "Correct. Reasonable precautions with records.",
        "incorrect": "It is about reasonable precautions and records."
      }
    },
    {
      "id": "q15",
      "type": "mcq",
      "question": "Traceability requires you to know:",
      "options": [
        "Only supplier phone numbers",
        "Where food came from and where it goes",
        "Only the freezer temperature",
        "Only the delivery driver name"
      ],
      "correctIndex": 1,
      "feedback": {
        "correct": "Correct. One step back and one step forward.",
        "incorrect": "It is where food came from and where it goes."
      }
    }
  ]
}