{
  "id": "m7",
  "title": "Food Safety Management and Legal Responsibilities",
  "order": 7,
  "version": "2.0.0",
  "slug": "food-safety-management-legal",
  "summary": "Understanding HACCP, legal duties, record keeping, and enforcement under UK Food Safety law.",
  "assets": {
    "lottie_haccp": "media/lotties/m7_haccp_flow.json",
    "image_traceability": "media/images/traceability_chain.png"
  },
  "quiz_file": "quiz_m7.json",
  "outcomes_file": "outcomes_m7.json",
  "pages_file": "pages.json"
}