{
  "module": "m7",
  "learningObjectives": [
    "Understand UK food safety laws and enforcement.",
    "Explain HACCP principles and how they apply in the workplace.",
    "Recognise the importance of due diligence and record keeping.",
    "Describe traceability and its role in food safety."
  ],
  "passScorePercent": 80,
  "mapping": {
    "q1": "Understand UK food safety laws and enforcement.",
    "q2": "Explain HACCP principles and how they apply in the workplace.",
    "q3": "Explain HACCP principles and how they apply in the workplace.",
    "q4": "Recognise the importance of due diligence and record keeping.",
    "q5": "Describe traceability and its role in food safety."
  }
}