[
  {
    "type": "content",
    "id": "m7_p1",
    "title": "The law behind food safety",
    "body": [
      "The Food Safety Act 1990 and Regulation (EC) 852/2004 require all food businesses to produce food that is safe to eat.",
      "These laws apply to anyone handling, preparing, or selling food.",
      "Local authorities enforce them through Environmental Health Officers (EHOs)."
    ]
  },
  {
    "type": "content",
    "id": "m7_p2",
    "title": "Your legal duties",
    "body": [
      "Prevent food from being unsafe or harmful to health.",
      "Ensure traceability of food: know where it came from and where it goes.",
      "Maintain training and supervision suitable to your role.",
      "Report hazards, damage, or contamination immediately."
    ]
  },
  {
    "type": "lottie",
    "id": "m7_p3",
    "title": "HACCP overview",
    "lottie_src": "media/lotties/m7_haccp_flow.json",
    "caption": "HACCP is a system that identifies critical control points in food processes to prevent hazards."
  },
  {
    "type": "content",
    "id": "m7_p4",
    "title": "The 7 principles of HACCP",
    "body": [
      "1. Identify hazards.",
      "2. Identify critical control points (CCPs).",
      "3. Set critical limits for each CCP.",
      "4. Monitor each CCP.",
      "5. Take corrective action if limits are not met.",
      "6. Verify the system works effectively.",
      "7. Keep records of all procedures and checks."
    ]
  },
  {
    "type": "image",
    "id": "m7_p5",
    "title": "Traceability and record keeping",
    "image_src": "media/images/traceability_chain.png",
    "caption": "Every ingredient should be traceable one step forward and one step back."
  },
  {
    "type": "content",
    "id": "m7_p6",
    "title": "Enforcement and penalties",
    "body": [
      "EHOs can inspect without notice, take samples, and issue improvement or closure notices.",
      "Failure to comply can lead to fines, closure, or prosecution.",
      "Demonstrating due diligence with records and training can be a legal defence."
    ]
  },
  {
    "type": "summary",
    "id": "m7_p7",
    "title": "Summary",
    "body": [
      "You are legally required to handle food safely and maintain accurate records.",
      "HACCP ensures hazards are controlled at every stage.",
      "Good record keeping and training protect your business and reputation."
    ]
  }
]