{
  "id": "quiz_m7",
  "title": "Module 7 Quiz",
  "shuffleQuestions": true,
  "passMark": 80,
  "questions": [
    {
      "id": "q1",
      "type": "mcq",
      "question": "Which law forms the foundation of UK food safety?",
      "options": [
        "Health and Safety at Work Act 1974",
        "Food Safety Act 1990",
        "Environmental Protection Act 1995",
        "Consumer Rights Act 2015"
      ],
      "correctIndex": 1,
      "feedback": {
        "correct": "Correct. The Food Safety Act 1990 is the key law for food safety.",
        "incorrect": "It\u2019s the Food Safety Act 1990 that sets the foundation for food safety."
      }
    },
    {
      "id": "q2",
      "type": "mcq",
      "question": "What does HACCP stand for?",
      "options": [
        "Hazard Analysis and Critical Control Points",
        "Health and Clean Cooking Procedures",
        "Hazard Awareness and Cleaning Control Plan",
        "Handling and Cooking Control Practices"
      ],
      "correctIndex": 0,
      "feedback": {
        "correct": "Correct. HACCP means Hazard Analysis and Critical Control Points.",
        "incorrect": "HACCP stands for Hazard Analysis and Critical Control Points."
      }
    },
    {
      "id": "q3",
      "type": "mcq",
      "question": "Which of the following is NOT one of the 7 principles of HACCP?",
      "options": [
        "Identify hazards",
        "Monitor CCPs",
        "Take corrective action",
        "Increase sales and marketing"
      ],
      "correctIndex": 3,
      "feedback": {
        "correct": "Correct. Marketing isn\u2019t part of HACCP.",
        "incorrect": "Marketing isn\u2019t one of the 7 principles."
      }
    },
    {
      "id": "q4",
      "type": "mcq",
      "question": "What does due diligence mean?",
      "options": [
        "Taking reasonable steps to avoid offences",
        "Delegating tasks to others",
        "Relying on the EHO to spot issues",
        "Avoiding record keeping"
      ],
      "correctIndex": 0,
      "feedback": {
        "correct": "Correct. Due diligence means taking all reasonable precautions.",
        "incorrect": "Due diligence is about taking reasonable precautions to prevent issues."
      }
    },
    {
      "id": "q5",
      "type": "mcq",
      "question": "What is traceability in food safety?",
      "options": [
        "Tracking the temperature of fridges",
        "Tracking where food came from and where it goes",
        "Checking expiry dates only",
        "Recording staff attendance"
      ],
      "correctIndex": 1,
      "feedback": {
        "correct": "Correct. Traceability tracks food one step forward and back.",
        "incorrect": "Traceability means knowing where food came from and where it goes."
      }
    }
  ]
}