{"v": "5.7.4", "fr": 30, "ip": 0, "op": 160, "w": 1200, "h": 800, "nm": "cleaning_cycle", "ddd": 0, "assets": [], "layers": [{"ddd": 0, "ind": 1, "ty": 5, "nm": "Clean", "sr": 1, "ks": {"o": {"a": 1, "k": [{"t": 10, "s": [40]}, {"t": 30, "s": [100]}, {"t": 35, "s": [40]}]}, "r": {"a": 0, "k": 0}, "p": {"a": 0, "k": [300, 400, 0]}, "a": {"a": 0, "k": [0, 0, 0]}, "s": {"a": 0, "k": [100, 100, 100]}}, "t": {"d": {"k": [{"s": {"s": 36, "f": "Arial", "t": "Clean", "j": 1, "tr": 0, "lh": 40, "ls": 0}, "t": 0}]}}}, {"ddd": 0, "ind": 2, "ty": 5, "nm": "Rinse", "sr": 1, "ks": {"o": {"a": 1, "k": [{"t": 30, "s": [40]}, {"t": 50, "s": [100]}, {"t": 55, "s": [40]}]}, "r": {"a": 0, "k": 0}, "p": {"a": 0, "k": [550, 400, 0]}, "a": {"a": 0, "k": [0, 0, 0]}, "s": {"a": 0, "k": [100, 100, 100]}}, "t": {"d": {"k": [{"s": {"s": 36, "f": "Arial", "t": "Rinse", "j": 1, "tr": 0, "lh": 40, "ls": 0}, "t": 0}]}}}, {"ddd": 0, "ind": 3, "ty": 5, "nm": "Disinfect", "sr": 1, "ks": {"o": {"a": 1, "k": [{"t": 50, "s": [40]}, {"t": 70, "s": [100]}, {"t": 75, "s": [40]}]}, "r": {"a": 0, "k": 0}, "p": {"a": 0, "k": [800, 400, 0]}, "a": {"a": 0, "k": [0, 0, 0]}, "s": {"a": 0, "k": [100, 100, 100]}}, "t": {"d": {"k": [{"s": {"s": 36, "f": "Arial", "t": "Disinfect", "j": 1, "tr": 0, "lh": 40, "ls": 0}, "t": 0}]}}}, {"ddd": 0, "ind": 4, "ty": 5, "nm": "Air dry", "sr": 1, "ks": {"o": {"a": 1, "k": [{"t": 70, "s": [40]}, {"t": 90, "s": [100]}, {"t": 95, "s": [40]}]}, "r": {"a": 0, "k": 0}, "p": {"a": 0, "k": [1050, 400, 0]}, "a": {"a": 0, "k": [0, 0, 0]}, "s": {"a": 0, "k": [100, 100, 100]}}, "t": {"d": {"k": [{"s": {"s": 36, "f": "Arial", "t": "Air dry", "j": 1, "tr": 0, "lh": 40, "ls": 0}, "t": 0}]}}}]}