{"v": "5.7.4", "fr": 30, "ip": 0, "op": 150, "w": 1200, "h": 800, "nm": "cross_contact", "ddd": 0, "assets": [], "layers": [{"ddd": 0, "ind": 1, "ty": 4, "nm": "plate_left", "sr": 1, "ks": {"o": {"a": 0, "k": 100}, "r": {"a": 0, "k": 0}, "p": {"a": 0, "k": [360, 400, 0]}, "a": {"a": 0, "k": [0, 0, 0]}, "s": {"a": 0, "k": [100, 100, 100]}}, "shapes": [{"ty": "el", "p": {"a": 0, "k": [0, 0]}, "s": {"a": 0, "k": [220, 220]}}, {"ty": "st", "o": {"a": 0, "k": 100}, "w": {"a": 0, "k": 8}, "c": {"a": 0, "k": [0.9, 0.9, 0.95, 1]}}]}, {"ddd": 0, "ind": 2, "ty": 4, "nm": "plate_right", "sr": 1, "ks": {"o": {"a": 0, "k": 100}, "r": {"a": 0, "k": 0}, "p": {"a": 0, "k": [840, 400, 0]}, "a": {"a": 0, "k": [0, 0, 0]}, "s": {"a": 0, "k": [100, 100, 100]}}, "shapes": [{"ty": "el", "p": {"a": 0, "k": [0, 0]}, "s": {"a": 0, "k": [220, 220]}}, {"ty": "st", "o": {"a": 0, "k": 100}, "w": {"a": 0, "k": 8}, "c": {"a": 0, "k": [0.9, 0.9, 0.95, 1]}}]}, {"ddd": 0, "ind": 10, "ty": 4, "nm": "particle_0", "sr": 1, "ks": {"o": {"a": 1, "k": [{"t": 0, "s": [0]}, {"t": 10, "s": [100]}]}, "r": {"a": 0, "k": 0}, "p": {"a": 1, "k": [{"t": 10, "s": [360, 400, 0]}, {"t": 90, "s": [840, 400, 0]}]}, "a": {"a": 0, "k": [0, 0, 0]}, "s": {"a": 0, "k": [100, 100, 100]}}, "shapes": [{"ty": "el", "p": {"a": 0, "k": [0, 0]}, "s": {"a": 0, "k": [16, 16]}}, {"ty": "fl", "c": {"a": 0, "k": [1, 0.27, 0.46, 1]}, "o": {"a": 0, "k": 100}}]}, {"ddd": 0, "ind": 11, "ty": 4, "nm": "particle_1", "sr": 1, "ks": {"o": {"a": 1, "k": [{"t": 5, "s": [0]}, {"t": 15, "s": [100]}]}, "r": {"a": 0, "k": 0}, "p": {"a": 1, "k": [{"t": 15, "s": [360, 400, 0]}, {"t": 95, "s": [840, 400, 0]}]}, "a": {"a": 0, "k": [0, 0, 0]}, "s": {"a": 0, "k": [100, 100, 100]}}, "shapes": [{"ty": "el", "p": {"a": 0, "k": [0, 0]}, "s": {"a": 0, "k": [16, 16]}}, {"ty": "fl", "c": {"a": 0, "k": [1, 0.27, 0.46, 1]}, "o": {"a": 0, "k": 100}}]}, {"ddd": 0, "ind": 12, "ty": 4, "nm": "particle_2", "sr": 1, "ks": {"o": {"a": 1, "k": [{"t": 10, "s": [0]}, {"t": 20, "s": [100]}]}, "r": {"a": 0, "k": 0}, "p": {"a": 1, "k": [{"t": 20, "s": [360, 400, 0]}, {"t": 100, "s": [840, 400, 0]}]}, "a": {"a": 0, "k": [0, 0, 0]}, "s": {"a": 0, "k": [100, 100, 100]}}, "shapes": [{"ty": "el", "p": {"a": 0, "k": [0, 0]}, "s": {"a": 0, "k": [16, 16]}}, {"ty": "fl", "c": {"a": 0, "k": [1, 0.27, 0.46, 1]}, "o": {"a": 0, "k": 100}}]}, {"ddd": 0, "ind": 13, "ty": 4, "nm": "particle_3", "sr": 1, "ks": {"o": {"a": 1, "k": [{"t": 15, "s": [0]}, {"t": 25, "s": [100]}]}, "r": {"a": 0, "k": 0}, "p": {"a": 1, "k": [{"t": 25, "s": [360, 400, 0]}, {"t": 105, "s": [840, 400, 0]}]}, "a": {"a": 0, "k": [0, 0, 0]}, "s": {"a": 0, "k": [100, 100, 100]}}, "shapes": [{"ty": "el", "p": {"a": 0, "k": [0, 0]}, "s": {"a": 0, "k": [16, 16]}}, {"ty": "fl", "c": {"a": 0, "k": [1, 0.27, 0.46, 1]}, "o": {"a": 0, "k": 100}}]}, {"ddd": 0, "ind": 14, "ty": 4, "nm": "particle_4", "sr": 1, "ks": {"o": {"a": 1, "k": [{"t": 20, "s": [0]}, {"t": 30, "s": [100]}]}, "r": {"a": 0, "k": 0}, "p": {"a": 1, "k": [{"t": 30, "s": [360, 400, 0]}, {"t": 110, "s": [840, 400, 0]}]}, "a": {"a": 0, "k": [0, 0, 0]}, "s": {"a": 0, "k": [100, 100, 100]}}, "shapes": [{"ty": "el", "p": {"a": 0, "k": [0, 0]}, "s": {"a": 0, "k": [16, 16]}}, {"ty": "fl", "c": {"a": 0, "k": [1, 0.27, 0.46, 1]}, "o": {"a": 0, "k": 100}}]}, {"ddd": 0, "ind": 15, "ty": 4, "nm": "particle_5", "sr": 1, "ks": {"o": {"a": 1, "k": [{"t": 25, "s": [0]}, {"t": 35, "s": [100]}]}, "r": {"a": 0, "k": 0}, "p": {"a": 1, "k": [{"t": 35, "s": [360, 400, 0]}, {"t": 115, "s": [840, 400, 0]}]}, "a": {"a": 0, "k": [0, 0, 0]}, "s": {"a": 0, "k": [100, 100, 100]}}, "shapes": [{"ty": "el", "p": {"a": 0, "k": [0, 0]}, "s": {"a": 0, "k": [16, 16]}}, {"ty": "fl", "c": {"a": 0, "k": [1, 0.27, 0.46, 1]}, "o": {"a": 0, "k": 100}}]}]}