{"v": "5.7.4", "fr": 30, "ip": 0, "op": 150, "w": 1200, "h": 800, "nm": "danger_zone_dial", "ddd": 0, "assets": [], "layers": [{"ddd": 0, "ind": 1, "ty": 4, "nm": "dial_arc", "sr": 1, "ks": {"o": {"a": 0, "k": 100}, "r": {"a": 0, "k": 0}, "p": {"a": 0, "k": [600, 420, 0]}, "a": {"a": 0, "k": [0, 0, 0]}, "s": {"a": 0, "k": [100, 100, 100]}}, "shapes": [{"ty": "gr", "it": [{"ty": "rc", "p": {"a": 0, "k": [0, 0]}, "s": {"a": 0, "k": [900, 40]}, "r": {"a": 0, "k": 20}, "nm": "bar"}, {"ty": "fl", "c": {"a": 0, "k": [0.09, 0.1, 0.12, 1]}, "o": {"a": 0, "k": 100}, "nm": "fill"}, {"ty": "tr", "p": {"a": 0, "k": [0, 0]}, "a": {"a": 0, "k": [0, 0]}, "s": {"a": 0, "k": [100, 100]}, "r": {"a": 0, "k": 0}, "o": {"a": 0, "k": 100}}], "nm": "group"}]}, {"ddd": 0, "ind": 2, "ty": 4, "nm": "safe_cold", "sr": 1, "ks": {"o": {"a": 0, "k": 100}, "r": {"a": 0, "k": 0}, "p": {"a": 0, "k": [220, 420, 0]}, "a": {"a": 0, "k": [0, 0, 0]}, "s": {"a": 0, "k": [100, 100, 100]}}, "shapes": [{"ty": "gr", "it": [{"ty": "rc", "p": {"a": 0, "k": [0, 0]}, "s": {"a": 0, "k": [160, 40]}, "r": {"a": 0, "k": 20}, "nm": "coldseg"}, {"ty": "fl", "c": {"a": 0, "k": [0.19, 0.61, 1, 1]}, "o": {"a": 0, "k": 100}, "nm": "fill"}, {"ty": "tr", "p": {"a": 0, "k": [0, 0]}}]}]}, {"ddd": 0, "ind": 3, "ty": 4, "nm": "safe_hot", "sr": 1, "ks": {"o": {"a": 0, "k": 100}, "r": {"a": 0, "k": 0}, "p": {"a": 0, "k": [980, 420, 0]}, "a": {"a": 0, "k": [0, 0, 0]}, "s": {"a": 0, "k": [100, 100, 100]}}, "shapes": [{"ty": "gr", "it": [{"ty": "rc", "p": {"a": 0, "k": [0, 0]}, "s": {"a": 0, "k": [160, 40]}, "r": {"a": 0, "k": 20}, "nm": "hotseg"}, {"ty": "fl", "c": {"a": 0, "k": [1, 0.27, 0.46, 1]}, "o": {"a": 0, "k": 100}, "nm": "fill"}, {"ty": "tr", "p": {"a": 0, "k": [0, 0]}}]}]}, {"ddd": 0, "ind": 4, "ty": 4, "nm": "needle", "sr": 1, "ks": {"o": {"a": 0, "k": 100}, "r": {"a": 1, "k": [{"t": 0, "s": [-90]}, {"t": 60, "s": [0]}, {"t": 120, "s": [60]}, {"t": 150, "s": [-90]}]}, "p": {"a": 0, "k": [600, 420, 0]}, "a": {"a": 0, "k": [0, 0, 0]}, "s": {"a": 0, "k": [100, 100, 100]}}, "shapes": [{"ty": "gr", "it": [{"ty": "rc", "p": {"a": 0, "k": [0, -150]}, "s": {"a": 0, "k": [8, 300]}, "r": {"a": 0, "k": 4}, "nm": "needle_shape"}, {"ty": "fl", "c": {"a": 0, "k": [1, 1, 1, 1]}, "o": {"a": 0, "k": 100}, "nm": "fill"}, {"ty": "tr", "p": {"a": 0, "k": [0, 0]}}]}]}, {"ddd": 0, "ind": 5, "ty": 5, "nm": "label", "sr": 1, "ks": {"o": {"a": 0, "k": 100}, "r": {"a": 0, "k": 0}, "p": {"a": 0, "k": [600, 520, 0]}, "a": {"a": 0, "k": [0, 0, 0]}, "s": {"a": 0, "k": [100, 100, 100]}}, "t": {"d": {"k": [{"s": {"s": 40, "f": "Arial", "t": "Danger Zone", "j": 0, "tr": 0, "lh": 48, "ls": 0}, "t": 0}]}, "p": {}, "m": {"g": 1, "a": {"a": 0, "k": [0, 0]}}}}]}