{"v": "5.7.4", "fr": 30, "ip": 0, "op": 150, "w": 1200, "h": 800, "nm": "handwash_steps", "ddd": 0, "assets": [], "layers": [{"ddd": 0, "ind": 1, "ty": 5, "nm": "step_1", "sr": 1, "ks": {"o": {"a": 1, "k": [{"t": 10, "s": [0]}, {"t": 20, "s": [100]}]}, "r": {"a": 0, "k": 0}, "p": {"a": 0, "k": [600, 200, 0]}, "a": {"a": 0, "k": [0, 0, 0]}, "s": {"a": 0, "k": [100, 100, 100]}}, "t": {"d": {"k": [{"s": {"s": 32, "f": "Arial", "t": "1. Wet hands", "j": 0, "tr": 0, "lh": 38, "ls": 0}, "t": 0}]}}}, {"ddd": 0, "ind": 2, "ty": 5, "nm": "step_2", "sr": 1, "ks": {"o": {"a": 1, "k": [{"t": 25, "s": [0]}, {"t": 35, "s": [100]}]}, "r": {"a": 0, "k": 0}, "p": {"a": 0, "k": [600, 280, 0]}, "a": {"a": 0, "k": [0, 0, 0]}, "s": {"a": 0, "k": [100, 100, 100]}}, "t": {"d": {"k": [{"s": {"s": 32, "f": "Arial", "t": "2. Apply soap", "j": 0, "tr": 0, "lh": 38, "ls": 0}, "t": 0}]}}}, {"ddd": 0, "ind": 3, "ty": 5, "nm": "step_3", "sr": 1, "ks": {"o": {"a": 1, "k": [{"t": 40, "s": [0]}, {"t": 50, "s": [100]}]}, "r": {"a": 0, "k": 0}, "p": {"a": 0, "k": [600, 360, 0]}, "a": {"a": 0, "k": [0, 0, 0]}, "s": {"a": 0, "k": [100, 100, 100]}}, "t": {"d": {"k": [{"s": {"s": 32, "f": "Arial", "t": "3. Rub palms", "j": 0, "tr": 0, "lh": 38, "ls": 0}, "t": 0}]}}}, {"ddd": 0, "ind": 4, "ty": 5, "nm": "step_4", "sr": 1, "ks": {"o": {"a": 1, "k": [{"t": 55, "s": [0]}, {"t": 65, "s": [100]}]}, "r": {"a": 0, "k": 0}, "p": {"a": 0, "k": [600, 440, 0]}, "a": {"a": 0, "k": [0, 0, 0]}, "s": {"a": 0, "k": [100, 100, 100]}}, "t": {"d": {"k": [{"s": {"s": 32, "f": "Arial", "t": "4. Backs of hands", "j": 0, "tr": 0, "lh": 38, "ls": 0}, "t": 0}]}}}, {"ddd": 0, "ind": 5, "ty": 5, "nm": "step_5", "sr": 1, "ks": {"o": {"a": 1, "k": [{"t": 70, "s": [0]}, {"t": 80, "s": [100]}]}, "r": {"a": 0, "k": 0}, "p": {"a": 0, "k": [600, 520, 0]}, "a": {"a": 0, "k": [0, 0, 0]}, "s": {"a": 0, "k": [100, 100, 100]}}, "t": {"d": {"k": [{"s": {"s": 32, "f": "Arial", "t": "5. Between fingers", "j": 0, "tr": 0, "lh": 38, "ls": 0}, "t": 0}]}}}, {"ddd": 0, "ind": 6, "ty": 5, "nm": "step_6", "sr": 1, "ks": {"o": {"a": 1, "k": [{"t": 85, "s": [0]}, {"t": 95, "s": [100]}]}, "r": {"a": 0, "k": 0}, "p": {"a": 0, "k": [600, 600, 0]}, "a": {"a": 0, "k": [0, 0, 0]}, "s": {"a": 0, "k": [100, 100, 100]}}, "t": {"d": {"k": [{"s": {"s": 32, "f": "Arial", "t": "6. Rinse and dry", "j": 0, "tr": 0, "lh": 38, "ls": 0}, "t": 0}]}}}]}