{"v": "5.7.4", "fr": 30, "ip": 0, "op": 150, "w": 1200, "h": 800, "nm": "storage_hierarchy", "ddd": 0, "assets": [], "layers": [{"ddd": 0, "ind": 200, "ty": 4, "nm": "fridge", "sr": 1, "ks": {"o": {"a": 0, "k": 100}, "r": {"a": 0, "k": 0}, "p": {"a": 0, "k": [600, 400, 0]}, "a": {"a": 0, "k": [0, 0, 0]}, "s": {"a": 0, "k": [100, 100, 100]}}, "shapes": [{"ty": "rc", "p": {"a": 0, "k": [0, 0]}, "s": {"a": 0, "k": [800, 560]}, "r": {"a": 0, "k": 20}, "nm": "frame"}, {"ty": "st", "o": {"a": 0, "k": 100}, "w": {"a": 0, "k": 10}, "c": {"a": 0, "k": [0.9, 0.9, 0.95, 1]}}, {"ty": "fl", "c": {"a": 0, "k": [0.07, 0.08, 0.1, 1]}, "o": {"a": 0, "k": 100}, "nm": "fill"}]}, {"ddd": 0, "ind": 1, "ty": 4, "nm": "shelf_1", "sr": 1, "ks": {"o": {"a": 0, "k": 100}, "r": {"a": 0, "k": 0}, "p": {"a": 1, "k": [{"t": 10, "s": [-200, 220, 0]}, {"t": 25, "s": [600, 220, 0]}]}, "a": {"a": 0, "k": [0, 0, 0]}, "s": {"a": 0, "k": [100, 100, 100]}}, "shapes": [{"ty": "rc", "p": {"a": 0, "k": [0, 0]}, "s": {"a": 0, "k": [600, 60]}, "r": {"a": 0, "k": 12}, "nm": "box"}, {"ty": "fl", "c": {"a": 0, "k": [0.8, 0.9, 1, 1]}, "o": {"a": 0, "k": 100}, "nm": "fill"}]}, {"ddd": 0, "ind": 100, "ty": 5, "nm": "label_1", "sr": 1, "ks": {"o": {"a": 0, "k": 100}, "r": {"a": 0, "k": 0}, "p": {"a": 0, "k": [600, 220, 0]}, "a": {"a": 0, "k": [0, 0, 0]}, "s": {"a": 0, "k": [100, 100, 100]}}, "t": {"d": {"k": [{"s": {"s": 26, "f": "Arial", "t": "Ready-to-eat", "j": 1, "tr": 0, "lh": 30, "ls": 0}, "t": 0}]}, "p": {}}}, {"ddd": 0, "ind": 2, "ty": 4, "nm": "shelf_2", "sr": 1, "ks": {"o": {"a": 0, "k": 100}, "r": {"a": 0, "k": 0}, "p": {"a": 1, "k": [{"t": 25, "s": [-200, 340, 0]}, {"t": 40, "s": [600, 340, 0]}]}, "a": {"a": 0, "k": [0, 0, 0]}, "s": {"a": 0, "k": [100, 100, 100]}}, "shapes": [{"ty": "rc", "p": {"a": 0, "k": [0, 0]}, "s": {"a": 0, "k": [600, 60]}, "r": {"a": 0, "k": 12}, "nm": "box"}, {"ty": "fl", "c": {"a": 0, "k": [0.8, 1, 0.9, 1]}, "o": {"a": 0, "k": 100}, "nm": "fill"}]}, {"ddd": 0, "ind": 101, "ty": 5, "nm": "label_2", "sr": 1, "ks": {"o": {"a": 0, "k": 100}, "r": {"a": 0, "k": 0}, "p": {"a": 0, "k": [600, 340, 0]}, "a": {"a": 0, "k": [0, 0, 0]}, "s": {"a": 0, "k": [100, 100, 100]}}, "t": {"d": {"k": [{"s": {"s": 26, "f": "Arial", "t": "Cooked meats", "j": 1, "tr": 0, "lh": 30, "ls": 0}, "t": 0}]}, "p": {}}}, {"ddd": 0, "ind": 3, "ty": 4, "nm": "shelf_3", "sr": 1, "ks": {"o": {"a": 0, "k": 100}, "r": {"a": 0, "k": 0}, "p": {"a": 1, "k": [{"t": 40, "s": [-200, 460, 0]}, {"t": 55, "s": [600, 460, 0]}]}, "a": {"a": 0, "k": [0, 0, 0]}, "s": {"a": 0, "k": [100, 100, 100]}}, "shapes": [{"ty": "rc", "p": {"a": 0, "k": [0, 0]}, "s": {"a": 0, "k": [600, 60]}, "r": {"a": 0, "k": 12}, "nm": "box"}, {"ty": "fl", "c": {"a": 0, "k": [1, 0.95, 0.8, 1]}, "o": {"a": 0, "k": 100}, "nm": "fill"}]}, {"ddd": 0, "ind": 102, "ty": 5, "nm": "label_3", "sr": 1, "ks": {"o": {"a": 0, "k": 100}, "r": {"a": 0, "k": 0}, "p": {"a": 0, "k": [600, 460, 0]}, "a": {"a": 0, "k": [0, 0, 0]}, "s": {"a": 0, "k": [100, 100, 100]}}, "t": {"d": {"k": [{"s": {"s": 26, "f": "Arial", "t": "Dairy", "j": 1, "tr": 0, "lh": 30, "ls": 0}, "t": 0}]}, "p": {}}}, {"ddd": 0, "ind": 4, "ty": 4, "nm": "shelf_4", "sr": 1, "ks": {"o": {"a": 0, "k": 100}, "r": {"a": 0, "k": 0}, "p": {"a": 1, "k": [{"t": 55, "s": [-200, 580, 0]}, {"t": 70, "s": [600, 580, 0]}]}, "a": {"a": 0, "k": [0, 0, 0]}, "s": {"a": 0, "k": [100, 100, 100]}}, "shapes": [{"ty": "rc", "p": {"a": 0, "k": [0, 0]}, "s": {"a": 0, "k": [600, 60]}, "r": {"a": 0, "k": 12}, "nm": "box"}, {"ty": "fl", "c": {"a": 0, "k": [1, 0.85, 0.85, 1]}, "o": {"a": 0, "k": 100}, "nm": "fill"}]}, {"ddd": 0, "ind": 103, "ty": 5, "nm": "label_4", "sr": 1, "ks": {"o": {"a": 0, "k": 100}, "r": {"a": 0, "k": 0}, "p": {"a": 0, "k": [600, 580, 0]}, "a": {"a": 0, "k": [0, 0, 0]}, "s": {"a": 0, "k": [100, 100, 100]}}, "t": {"d": {"k": [{"s": {"s": 26, "f": "Arial", "t": "Raw meat bottom", "j": 1, "tr": 0, "lh": 30, "ls": 0}, "t": 0}]}, "p": {}}}]}