[
  {
    "id": "L2-4.1",
    "statement": "Understand the role of personal hygiene in food safety"
  },
  {
    "id": "L2-4.2",
    "statement": "Demonstrate effective handwashing steps and timing"
  },
  {
    "id": "L2-4.3",
    "statement": "Know when to wash hands and control common touchpoints"
  },
  {
    "id": "L2-4.4",
    "statement": "Use clothing and PPE correctly for different tasks"
  },
  {
    "id": "L2-4.5",
    "statement": "Follow illness reporting and exclusion requirements"
  }
]