{
  "v": "5.7.4",
  "fr": 30,
  "ip": 0,
  "op": 120,
  "w": 800,
  "h": 400,
  "nm": "m6_cleaning_cycle",
  "ddd": 0,
  "assets": [],
  "layers": [
    {
      "ddd": 0,
      "ind": 1,
      "ty": 4,
      "nm": "Clean",
      "sr": 1,
      "ks": {
        "o": {
          "a": 1,
          "k": [
            {
              "i": {
                "x": [
                  0.667
                ],
                "y": [
                  1
                ]
              },
              "o": {
                "x": [
                  0.333
                ],
                "y": [
                  0
                ]
              },
              "t": 0,
              "s": [
                20
              ]
            },
            {
              "i": {
                "x": [
                  0.667
                ],
                "y": [
                  1
                ]
              },
              "o": {
                "x": [
                  0.333
                ],
                "y": [
                  0
                ]
              },
              "t": 20,
              "s": [
                100
              ]
            },
            {
              "t": 40,
              "s": [
                20
              ]
            }
          ]
        },
        "r": {
          "a": 0,
          "k": 0
        },
        "p": {
          "a": 0,
          "k": [
            150,
            200,
            0
          ]
        },
        "a": {
          "a": 0,
          "k": [
            0,
            0,
            0
          ]
        },
        "s": {
          "a": 0,
          "k": [
            100,
            100,
            100
          ]
        }
      },
      "shapes": [
        {
          "ty": "rc",
          "d": 1,
          "s": {
            "a": 0,
            "k": [
              180,
              120
            ]
          },
          "p": {
            "a": 0,
            "k": [
              0,
              0
            ]
          },
          "r": {
            "a": 0,
            "k": 16
          },
          "nm": "rect",
          "hd": false,
          "fill": {
            "ty": "fl",
            "c": {
              "a": 0,
              "k": [
                0.1568627450980392,
                0.5490196078431373,
                0.8627450980392157,
                1
              ]
            },
            "o": {
              "a": 0,
              "k": 100
            },
            "r": 1
          }
        }
      ],
      "ip": 0,
      "op": 120,
      "st": 0,
      "bm": 0
    },
    {
      "ddd": 0,
      "ind": 1,
      "ty": 4,
      "nm": "Rinse",
      "sr": 1,
      "ks": {
        "o": {
          "a": 1,
          "k": [
            {
              "i": {
                "x": [
                  0.667
                ],
                "y": [
                  1
                ]
              },
              "o": {
                "x": [
                  0.333
                ],
                "y": [
                  0
                ]
              },
              "t": 20,
              "s": [
                20
              ]
            },
            {
              "i": {
                "x": [
                  0.667
                ],
                "y": [
                  1
                ]
              },
              "o": {
                "x": [
                  0.333
                ],
                "y": [
                  0
                ]
              },
              "t": 40,
              "s": [
                100
              ]
            },
            {
              "t": 80,
              "s": [
                20
              ]
            }
          ]
        },
        "r": {
          "a": 0,
          "k": 0
        },
        "p": {
          "a": 0,
          "k": [
            400,
            200,
            0
          ]
        },
        "a": {
          "a": 0,
          "k": [
            0,
            0,
            0
          ]
        },
        "s": {
          "a": 0,
          "k": [
            100,
            100,
            100
          ]
        }
      },
      "shapes": [
        {
          "ty": "rc",
          "d": 1,
          "s": {
            "a": 0,
            "k": [
              180,
              120
            ]
          },
          "p": {
            "a": 0,
            "k": [
              0,
              0
            ]
          },
          "r": {
            "a": 0,
            "k": 16
          },
          "nm": "rect",
          "hd": false,
          "fill": {
            "ty": "fl",
            "c": {
              "a": 0,
              "k": [
                0.39215686274509803,
                0.7843137254901961,
                0.9803921568627451,
                1
              ]
            },
            "o": {
              "a": 0,
              "k": 100
            },
            "r": 1
          }
        }
      ],
      "ip": 0,
      "op": 120,
      "st": 0,
      "bm": 0
    },
    {
      "ddd": 0,
      "ind": 1,
      "ty": 4,
      "nm": "Disinfect",
      "sr": 1,
      "ks": {
        "o": {
          "a": 1,
          "k": [
            {
              "i": {
                "x": [
                  0.667
                ],
                "y": [
                  1
                ]
              },
              "o": {
                "x": [
                  0.333
                ],
                "y": [
                  0
                ]
              },
              "t": 40,
              "s": [
                20
              ]
            },
            {
              "i": {
                "x": [
                  0.667
                ],
                "y": [
                  1
                ]
              },
              "o": {
                "x": [
                  0.333
                ],
                "y": [
                  0
                ]
              },
              "t": 60,
              "s": [
                100
              ]
            },
            {
              "t": 120,
              "s": [
                20
              ]
            }
          ]
        },
        "r": {
          "a": 0,
          "k": 0
        },
        "p": {
          "a": 0,
          "k": [
            650,
            200,
            0
          ]
        },
        "a": {
          "a": 0,
          "k": [
            0,
            0,
            0
          ]
        },
        "s": {
          "a": 0,
          "k": [
            100,
            100,
            100
          ]
        }
      },
      "shapes": [
        {
          "ty": "rc",
          "d": 1,
          "s": {
            "a": 0,
            "k": [
              180,
              120
            ]
          },
          "p": {
            "a": 0,
            "k": [
              0,
              0
            ]
          },
          "r": {
            "a": 0,
            "k": 16
          },
          "nm": "rect",
          "hd": false,
          "fill": {
            "ty": "fl",
            "c": {
              "a": 0,
              "k": [
                0.3137254901960784,
                0.7058823529411765,
                0.47058823529411764,
                1
              ]
            },
            "o": {
              "a": 0,
              "k": 100
            },
            "r": 1
          }
        }
      ],
      "ip": 0,
      "op": 120,
      "st": 0,
      "bm": 0
    }
  ]
}