{
  "outcomes": [
    {
      "id": "L2-2.1",
      "statement": "Know the main types of food hazard"
    },
    {
      "id": "L2-2.2",
      "statement": "Understand cross-contamination routes"
    },
    {
      "id": "L2-2.3",
      "statement": "Identify high-risk foods and controls"
    },
    {
      "id": "L2-2.4",
      "statement": "Apply separation and hygiene barriers"
    },
    {
      "id": "L2-3.1",
      "statement": "Understand allergen risks and controls"
    },
    {
      "id": "L2-3.2",
      "statement": "Provide accurate allergen information"
    }
  ],
  "mapping": [
    {
      "page_id": "m2_p1",
      "outcome_id": "L2-2.1"
    },
    {
      "page_id": "m2_p2",
      "outcome_id": "L2-2.2"
    },
    {
      "page_id": "m2_p3",
      "outcome_id": "L2-2.3"
    },
    {
      "page_id": "m2_p4",
      "outcome_id": "L2-2.4"
    },
    {
      "page_id": "m2_interact_dragbins",
      "outcome_id": "L2-2.1"
    },
    {
      "page_id": "m2_interact_dragbins",
      "outcome_id": "L2-3.1"
    },
    {
      "page_id": "m2_interact_hotspot",
      "outcome_id": "L2-2.2"
    },
    {
      "page_id": "m2_scenario_branch",
      "outcome_id": "L2-3.2"
    },
    {
      "page_id": "m2_recap",
      "outcome_id": "L2-2.1"
    },
    {
      "page_id": "m2_recap",
      "outcome_id": "L2-2.2"
    },
    {
      "page_id": "m2_recap",
      "outcome_id": "L2-3.1"
    }
  ]
}