{"v": "5.7.4", "fr": 24, "ip": 0, "op": 48, "w": 1200, "h": 800, "nm": "cross_contact.json", "ddd": 0, "assets": [], "layers": [{"ty": 4, "nm": "shape", "ks": {"o": {"a": 0, "k": 100}, "r": {"a": 0, "k": 0}, "p": {"a": 0, "k": [600, 400, 0]}, "a": {"a": 0, "k": [0, 0, 0]}, "s": {"a": 0, "k": [100, 100, 100]}}, "shapes": [{"ty": "rc", "p": {"a": 0, "k": [0, 0]}, "s": {"a": 0, "k": [400, 200]}, "r": {"a": 0, "k": 20}, "nm": "rect"}, {"ty": "st", "o": {"a": 0, "k": 100}, "w": {"a": 0, "k": 8}, "c": {"a": 0, "k": [0.96, 0.45, 0.71, 1]}}, {"ty": "fl", "c": {"a": 0, "k": [0.14, 0.16, 0.2, 1]}, "o": {"a": 0, "k": 100}, "nm": "fill"}], "ao": 0}]}